አዲስ አበባ የኢትዮጵያ ዋና ከተማ ናት።	Addis Ababa is the capital city of Ethiopia.
ዳግማዊ ምኒልክ አዲስ አበባን በ1886 መሰረቱ።	Menelik II founded Addis Ababa in 1886.
አዲስ አበባ ዩኒቨርሲቲ በ1950 ተመሰረተ።	Addis Ababa University was established in 1950.
ባህር ዳር በጣና ሀይቅ አቅራቢያ የምትገኝ ከተማ ናት።	Bahir Dar is a city located near Lake Tana.
አባይ ወንዝ ከጣና ሀይቅ ይመነጫል።	The Blue Nile River originates from Lake Tana.
መለስ ዜናዊ ከ1995 እስከ 2012 የኢትዮጵያ ጠቅላይ ሚኒስትር ነበሩ።	Meles Zenawi was the Prime Minister of Ethiopia from 1995 to 2012.
አብይ አህመድ በ2018 የኢትዮጵያ ጠቅላይ ሚኒስትር ሆኑ።	Abiy Ahmed became the Prime Minister of Ethiopia in 2018.
አብይ አህመድ በ2019 የኖቤል የሰላም ሽልማት አሸነፉ።	Abiy Ahmed won the Nobel Peace Prize in 2019.
ታላቁ የኢትዮጵያ ህዳሴ ግድብ በአባይ ወንዝ ላይ ተገንብቷል።	The Grand Ethiopian Renaissance Dam is built on the Blue Nile River.
ኢትዮጵያ በምስራቅ አፍሪካ የምትገኝ ሀገር ናት።	Ethiopia is a country located in East Africa.
ሉሲ በ1974 በኢትዮጵያ የተገኘ ታዋቂ ቅሪተ አካል ናት።	Lucy is a famous fossil discovered in Ethiopia in 1974.
ፋሲል ግቢ በጎንደር የሚገኝ ግንብ ነው።	Fasil Ghebbi is a fortress located in Gondar.
ቀዳማዊ ኃይለ ሥላሴ እስከ 1974 የኢትዮጵያ ንጉሠ ነገሥት ነበሩ።	Haile Selassie was the Emperor of Ethiopia until 1974.
የሰሜን ተራሮች በሰሜን ኢትዮጵያ ይገኛሉ።	The Simien Mountains are located in northern Ethiopia.
አክሱም በሰሜን ኢትዮጵያ የምትገኝ ጥንታዊት ከተማ ናት።	Axum is an ancient city in northern Ethiopia.
የኢትዮጵያ ዋና ከተማ ምንድን ናት?	What is the capital city of Ethiopia?
አዲስ አበባን ማን መሰረተ?	Who founded Addis Ababa?
አዲስ አበባ ዩኒቨርሲቲ መቼ ተመሰረተ?	When was Addis Ababa University established?
ባህር ዳር የት ትገኛለች?	Where is Bahir Dar located?
አባይ ወንዝ ከየት ይመነጫል?	Where does the Blue Nile River originate?
ከ1995 እስከ 2012 የኢትዮጵያ ጠቅላይ ሚኒስትር ማን ነበሩ?	Who was the Prime Minister of Ethiopia from 1995 to 2012?
አብይ አህመድ የኢትዮጵያ ጠቅላይ ሚኒስትር የሆኑት መቼ ነው?	When did Abiy Ahmed become the Prime Minister of Ethiopia?
አብይ አህመድ የኖቤል የሰላም ሽልማት ያሸነፉት መቼ ነው?	When did Abiy Ahmed win the Nobel Peace Prize?
ታላቁ የኢትዮጵያ ህዳሴ ግድብ የተገነባው የት ነው?	Where is the Grand Ethiopian Renaissance Dam built?
ኢትዮጵያ የምትገኘው የት ነው?	Where is Ethiopia located?
ሉሲ የተገኘችው መቼ ነው?	When was Lucy discovered?
ፋሲል ግቢ የሚገኘው የት ነው?	Where is Fasil Ghebbi located?
እስከ 1974 የኢትዮጵያ ንጉሠ ነገሥት ማን ነበሩ?	Who was the Emperor of Ethiopia until 1974?
የሰሜን ተራሮች የሚገኙት የት ነው?	Where are the Simien Mountains located?
አክሱም የምትገኘው የት ነው?	Where is Axum located?
